[
  {
    "id": "1",
    "artist_name": "Tupac",
    "song_name": "Changes",
    "rating": "5"
  },
  {
    "id": "2",
    "artist_name": "Tupac",
    "song_name": "Do for Love",
    "rating": "5"
  },
  {
    "id": "3",
    "artist_name": "Sidhu Moosewala",
    "song_name": "Legend",
    "rating": "5"
  },
  {
    "id": "4",
    "artist_name": "Drake",
    "song_name": "God's Plan",
    "rating": "5"
  },
  {
    "id": "5",
    "artist_name": "Drake",
    "song_name": "One Dance",
    "rating": "5"
  },
  {
    "id": "6",
    "artist_name": "Sidhu Moosewala",
    "song_name": "SYL",
    "rating": "5"
  },
  {
    "id": "7",
    "artist_name": "Sidhu Moosewala",
    "song_name": "Lock",
    "rating": "5"
  },
  {
    "id": "8",
    "artist_name": "Sidhu Moosewala",
    "song_name": "Never Fold",
    "rating": "5"
  },
  {
    "id": "9",
    "artist_name": "Sidhu Moosewala",
    "song_name": "Drippy",
    "rating": "5"
  },
  {
    "id": "10",
    "artist_name": "Sidhu Moosewala",
    "song_name": "So High",
    "rating": "5"
  },
  {
    "id": "11",
    "artist_name": "Tupac",
    "song_name": "Dear Mama",
    "rating": "5"
  }
]